{"cameraMode":{"drawMode":0,"name":"Shaded","section":"Shading Mode"},"sceneLighting":false,"audioPlay":false,"sceneViewState":{"showFog":true,"showMaterialUpdate":false,"showSkybox":false,"showFlares":true,"showImageEffects":true,"showParticleSystems":true},"in2DMode":false,"pivot":{"x":-5.446688175201416,"y":0.22498337924480439,"z":-1.280893325805664},"rotation":{"x":-0.15266603231430055,"y":0.4502035677433014,"z":-0.07846347987651825,"w":-0.8763024806976318},"size":0.849755048751831,"orthographic":false}